{
    "01": {
        "datetime": "02.03.24",
        "Tomega": 25058.875,
        "Tapp": 40544.617,
        "e": 0.0004,
        "i": 64.55594,
        "Lomega": -120.217896,
        "W": -37.265625,
        "deltaT2": -8.010864e-05,
        "nl": 1,
        "deltaT": -0.0015869141
    },
    "02": {
        "datetime": "02.03.24",
        "Tomega": 30077.344,
        "Tapp": 40544.156,
        "e": 0.00223,
        "i": 64.99179,
        "Lomega": -139.02992,
        "W": -126.710815,
        "deltaT2": 2.2888184e-05,
        "nl": -4,
        "deltaT": -0.0015869141
    },
    "03": {
        "datetime": "02.03.24",
        "Tomega": 35073.156,
        "Tapp": 40544.15,
        "e": 0.0022,
        "i": 64.832825,
        "Lomega": -160.46683,
        "W": -122.43713,
        "deltaT2": -9.536743e-05,
        "nl": 5,
        "deltaT": -0.0015258789
    },
    "04": {
        "datetime": "02.03.24",
        "Tomega": 39922.562,
        "Tapp": 40544.1,
        "e": 0.00126,
        "i": 65.13873,
        "Lomega": 179.80104,
        "W": -100.739136,
        "deltaT2": -0.00022506714,
        "nl": 6,
        "deltaT": -0.0015258789
    },
    "05": {
        "datetime": "02.03.24",
        "Tomega": 4223.7812,
        "Tapp": 40544.06,
        "e": 0.00075,
        "i": 65.152115,
        "Lomega": -30.872269,
        "W": -126.15051,
        "deltaT2": -0.00012588501,
        "nl": 1,
        "deltaT": -0.0015258789
    },
    "06": {
        "datetime": "02.03.24",
        "Tomega": 10174.625,
        "Tapp": 40544.203,
        "e": 0.00037,
        "i": 64.53998,
        "Lomega": -58.163338,
        "W": 154.58862,
        "deltaT2": 0.00015258789,
        "nl": -4,
        "deltaT": -0.0015869141
    },
    "07": {
        "datetime": "02.03.24",
        "Tomega": 15055.25,
        "Tapp": 40544.19,
        "e": 0.00192,
        "i": 64.83987,
        "Lomega": -76.751175,
        "W": -121.47583,
        "deltaT2": -7.6293945e-05,
        "nl": 5,
        "deltaT": -0.0015869141
    },
    "08": {
        "datetime": "02.03.24",
        "Tomega": 19705.469,
        "Tapp": 40544.145,
        "e": 0.00241,
        "i": 64.84691,
        "Lomega": -96.16814,
        "W": -105.69946,
        "deltaT2": 7.6293945e-05,
        "nl": 6,
        "deltaT": -0.0016479492
    },
    "09": {
        "datetime": "02.03.24",
        "Tomega": 23077.062,
        "Tapp": 40543.883,
        "e": 0.0017,
        "i": 63.62296,
        "Lomega": 7.8232956,
        "W": -163.17444,
        "deltaT2": -0.00017166138,
        "nl": -2,
        "deltaT": 0.0020141602
    },
    "10": {
        "datetime": "02.03.24",
        "Tomega": 27435.688,
        "Tapp": 40543.688,
        "e": 0.0018,
        "i": 64.32849,
        "Lomega": -9.521027,
        "W": 16.001587,
        "deltaT2": 0.0001296997,
        "nl": -7,
        "deltaT": 0.0020141602
    },
    "11": {
        "datetime": "02.03.24",
        "Tomega": 32632.125,
        "Tapp": 40543.703,
        "e": 0.00034,
        "i": 64.599365,
        "Lomega": -31.035347,
        "W": -142.84424,
        "deltaT2": -3.4332275e-05,
        "nl": 0,
        "deltaT": 0.0020141602
    },
    "12": {
        "datetime": "02.03.24",
        "Tomega": 38215.25,
        "Tapp": 40543.836,
        "e": 0.00075,
        "i": 64.37071,
        "Lomega": -53.97394,
        "W": -59.40857,
        "deltaT2": -3.8146973e-05,
        "nl": -1,
        "deltaT": 0.001953125
    },
    "13": {
        "datetime": "02.03.24",
        "Tomega": 2131.4062,
        "Tapp": 40543.645,
        "e": 0.00072,
        "i": 64.3199,
        "Lomega": 96.14857,
        "W": 77.684326,
        "deltaT2": 4.5776367e-05,
        "nl": -2,
        "deltaT": 0.0017089844
    },
    "14": {
        "datetime": "02.03.24",
        "Tomega": 7770.6875,
        "Tapp": 40543.85,
        "e": 0.00037,
        "i": 64.08284,
        "Lomega": 72.81017,
        "W": -150.01282,
        "deltaT2": -2.670288e-05,
        "nl": -7,
        "deltaT": 0.0017089844
    },
    "15": {
        "datetime": "02.03.24",
        "Tomega": 12787.4375,
        "Tapp": 40543.844,
        "e": 0.00044,
        "i": 64.29793,
        "Lomega": 52.33183,
        "W": -95.234985,
        "deltaT2": -8.010864e-05,
        "nl": 0,
        "deltaT": 0.0018310547
    },
    "16": {
        "datetime": "02.03.24",
        "Tomega": 17868.781,
        "Tapp": 40543.895,
        "e": 0.00064,
        "i": 64.74048,
        "Lomega": 30.73803,
        "W": -171.21643,
        "deltaT2": -2.2888184e-05,
        "nl": -1,
        "deltaT": 0.0018920898
    },
    "17": {
        "datetime": "02.03.24",
        "Tomega": 21519.656,
        "Tapp": 40544.25,
        "e": 0.00069,
        "i": 65.463165,
        "Lomega": 136.51611,
        "W": -153.66028,
        "deltaT2": -6.484985e-05,
        "nl": 4,
        "deltaT": -0.00024414062
    },
    "18": {
        "datetime": "02.03.24",
        "Tomega": 26225.875,
        "Tapp": 40544.195,
        "e": 0.00137,
        "i": 65.72976,
        "Lomega": 117.50118,
        "W": -24.13147,
        "deltaT2": -0.0001296997,
        "nl": -3,
        "deltaT": -0.00024414062
    },
    "19": {
        "datetime": "02.03.24",
        "Tomega": 30490.531,
        "Tapp": 40544.066,
        "e": 0.00013,
        "i": 65.9888,
        "Lomega": 101.403465,
        "W": -10.980835,
        "deltaT2": 0.0002670288,
        "nl": 3,
        "deltaT": -0.00018310547
    },
    "20": {
        "datetime": "02.03.24",
        "Tomega": 36505.688,
        "Tapp": 40544.2,
        "e": 0.0011,
        "i": 66.003555,
        "Lomega": 76.38142,
        "W": -16.940918,
        "deltaT2": 0.00011062622,
        "nl": 2,
        "deltaT": -6.1035156e-05
    },
    "21": {
        "datetime": "02.03.24",
        "Tomega": 1307.5938,
        "Tapp": 40543.617,
        "e": 0.00034,
        "i": 65.667786,
        "Lomega": -138.5649,
        "W": -176.33057,
        "deltaT2": 8.010864e-05,
        "nl": 4,
        "deltaT": 0.0
    },
    "22": {
        "datetime": "02.03.24",
        "Tomega": 6257.625,
        "Tapp": 40544.305,
        "e": 0.00104,
        "i": 64.72623,
        "Lomega": -157.47374,
        "W": -65.582886,
        "deltaT2": -0.00011062622,
        "nl": -3,
        "deltaT": 6.1035156e-05
    },
    "23": {
        "datetime": "02.03.24",
        "Tomega": 11232.6875,
        "Tapp": 40543.617,
        "e": 0.00037,
        "i": 65.84752,
        "Lomega": -179.44313,
        "W": 39.5343,
        "deltaT2": 0.00011444092,
        "nl": 3,
        "deltaT": -0.00012207031
    },
    "24": {
        "datetime": "02.03.24",
        "Tomega": 16392.5,
        "Tapp": 40544.176,
        "e": 0.00062,
        "i": 64.80313,
        "Lomega": 158.03816,
        "W": -99.76135,
        "deltaT2": 4.5776367e-05,
        "nl": 2,
        "deltaT": -0.00024414062
    }
}